{
     "company": "Kinesis-Unregistered 94:D7:71:89:A8:C7",
     "companycountry": "irl",
     "sqlite_participant_id": "1234",
     "serialnum": "RF2D812NVGF",
     "macaddress": "94:D7:71:89:A8:C7",
     "applicationversion": "2.2",
     "applicationdbversion": "14",
     "devicemodel": "Samsung SM-T210",
     "age": 69,
     "height": 166.0,
     "weight": 74.0,
     "tugparameters": {
         "gaitcycles": 6.0,
         "stride_as": -13.689406418315505,
         "meanturningtime": 2.94921875,
         "combinedfallsestimate": "NaN",
         "stepno": 12.0,
         "av_ml_maxbyh": 495.352536974275,
         "stance_cv": 65.50927172118801,
         "single_support": 0.4859533419088802,
         "av_ap_maxbyh": 355.8573647425385,
         "meanvelocity": 120.94826241083835,
         "meandistancetravelled": 7.327745711372597,
         "meanstepsturn": 1.0,
         "av_ap_cv": 111.59941919918333,
         "av_ml_min": -224.92190896109182,
         "double_support_cv": 17.830849575518716,
         "stridelencv": 10.789908472859734,
         "walkratio": 0.8333457665050354,
         "clinicalfallsestimate": "NaN",
         "av_ap_max": 214.37190647140875,
         "av_ml_mean": 34.352262669465865,
         "av_ml_max": 298.40514275558735,
         "av_ml_meanbyh": 57.02475603131333,
         "stride": 1.3544952392578125,
         "step_as": 82.40089545092812,
         "sampleperiodleft": 0.009765625,
         "av_mid_swing_range": 217.91514037750926,
         "timetosit": 1.1328125,
         "av_ap_mean": 35.89845791712396,
         "av_ap_min": -243.1899672257249,
         "av_ap_meanbyh": 59.591440142425775,
         "cadence": 86.13084112149532,
         "turntime": 5.29296875,
         "swing_cv": 53.19452631418968,
         "timetostand": 3.095703125,
         "walktime": 8.359375,
         "av_v_mean": 23.108154487347253,
         "av_ml_cv": 116.04008194180018,
         "stance": 0.7607452392578125,
         "meanturnratio": 0.3390728476821192,
         "velocitycv": 44.88677645935979,
         "av_mid_swing_mean": 148.6789239650392,
         "stance_as": -37.467018469656985,
         "fallsriskestimate": 0.4397004118154916,
         "av_v_maxbyh": 237.67703370041278,
         "av_ap_minbyh": -403.6953455947033,
         "av_v_meanbyh": 38.35953644899644,
         "step": 0.5895957946777344,
         "av_v_minbyh": -310.2324558799631,
         "midturntime": 6.58935546875,
         "swing_as": 5.7009529604981095,
         "av_v_max": 143.17893596410408,
         "turnendtime": 8.2421875,
         "av_v_cv": 100.35501894463792,
         "swing": 0.7607452392578125,
         "meanstridelen": 146.55491422745192,
         "double_support": 0.3750938416618973,
         "stride_cv": 40.835353820311624,
         "av_ml_minbyh": -373.3703688754124,
         "frailtyestimate": 0.22612462973089653,
         "av_v_min": -186.8870216144356,
         "step_cv": 61.82022790047562,
         "av_turn_mag": 45.10419608601421,
         "manualtug": 12.0,
         "single_support_cv": 53.01772107781261,
         "sampleperiodright": 0.009929891190075694
     },
     "note": "notes5",
     "devices": {
         "TABLET": {
             "devicetype": "TABLET",
             "serialnumber": "RF2D812NVGF",
             "macaddress": "94:D7:71:89:A8:C7"
         },
         "RIGHT_SHIMMER": {
             "devicetype": "RIGHT_SHIMMER",
             "serialnumber": "KI-SENSOR-R-B602",
             "macaddress": "00:06:66:46:B6:02"
         },
         "LEFT_SHIMMER": {
             "devicetype": "LEFT_SHIMMER",
             "serialnumber": "KI-SENSOR-L-072F",
             "macaddress": "00:06:66:42:07:2F"
         }
     }
 }